<?xml version="1.0" encoding="UTF-8"?>
<project-private xmlns="http://www.netbeans.org/ns/project-private/1">
    <editor-bookmarks xmlns="http://www.netbeans.org/ns/editor-bookmarks/2" lastBookmarkId="0"/>
    <open-files xmlns="http://www.netbeans.org/ns/projectui-open-files/2">
        <group>
            <file>file:/Users/loayyounes39/Documents/L3/ILU3/workspace/2024-25-sema-ilu3-projet-LoayYounes39/src/frontiere/BoundaryAttributionAutomatique.java</file>
            <file>file:/Users/loayyounes39/Documents/L3/ILU3/workspace/2024-25-sema-ilu3-projet-LoayYounes39/src/entite/DonationsTries.java</file>
            <file>file:/Users/loayyounes39/Documents/L3/ILU3/workspace/2024-25-sema-ilu3-projet-LoayYounes39/src/entite/Somme.java</file>
            <file>file:/Users/loayyounes39/Documents/L3/ILU3/workspace/2024-25-sema-ilu3-projet-LoayYounes39/src/controleur/ControlSupprimerDonation.java</file>
            <file>file:/Users/loayyounes39/Documents/L3/ILU3/workspace/2024-25-sema-ilu3-projet-LoayYounes39/src/entite/Donation.java</file>
            <file>file:/Users/loayyounes39/Documents/L3/ILU3/workspace/2024-25-sema-ilu3-projet-LoayYounes39/src/controleur/ControlAjouterPersonneAttribution.java</file>
            <file>file:/Users/loayyounes39/Documents/L3/ILU3/workspace/2024-25-sema-ilu3-projet-LoayYounes39/src/dialog/ControlleurDialog.java</file>
            <file>file:/Users/loayyounes39/Documents/L3/ILU3/workspace/2024-25-sema-ilu3-projet-LoayYounes39/src/presentation/PageEvenementsDonation.java</file>
            <file>file:/Users/loayyounes39/Documents/L3/ILU3/workspace/2024-25-sema-ilu3-projet-LoayYounes39/src/frontiere/BoundaryCalculer.java</file>
            <file>file:/Users/loayyounes39/Documents/L3/ILU3/workspace/2024-25-sema-ilu3-projet-LoayYounes39/src/controleur/ControlCalculer.java</file>
            <file>file:/Users/loayyounes39/Documents/L3/ILU3/workspace/2024-25-sema-ilu3-projet-LoayYounes39/src/dao/DataAccessObject.java</file>
            <file>file:/Users/loayyounes39/Documents/L3/ILU3/workspace/2024-25-sema-ilu3-projet-LoayYounes39/src/entite/GestionnaireDonations.java</file>
            <file>file:/Users/loayyounes39/Documents/L3/ILU3/workspace/2024-25-sema-ilu3-projet-LoayYounes39/src/frontiere/BoundarySupprimerDonation.java</file>
            <file>file:/Users/loayyounes39/Documents/L3/ILU3/workspace/2024-25-sema-ilu3-projet-LoayYounes39/src/frontiere/BoundaryAjouterPersonneAttribution.java</file>
            <file>file:/Users/loayyounes39/Documents/L3/ILU3/workspace/2024-25-sema-ilu3-projet-LoayYounes39/src/frontiere/BoundaryAjouterDonation.java</file>
            <file>file:/Users/loayyounes39/Documents/L3/ILU3/workspace/2024-25-sema-ilu3-projet-LoayYounes39/src/entite/Personne.java</file>
            <file>file:/Users/loayyounes39/Documents/L3/ILU3/workspace/2024-25-sema-ilu3-projet-LoayYounes39/src/controleur/ControlAjouterDonation.java</file>
        </group>
    </open-files>
</project-private>
